Beach Name,Date,Predicted Level,Probability,Swim Advisory,RecordID
63rdStreet,06/04/2016,33.6,0.106,N,63rdStreet20160604
Calumet,06/04/2016,33.8,0.107,N,Calumet20160604
Foster,06/04/2016,14.9,0.021,N,Foster20160604
Leone,06/04/2016,9.6,0.006,N,Leone20160604
Montrose,06/04/2016,101.5,0.277,N,Montrose20160604
OakStreet,06/04/2016,18.9,0.018,N,OakStreet20160604
Ohio,06/04/2016,37,0.082,N,Ohio20160604
Osterman,06/04/2016,7.6,0.004,N,Osterman20160604
Rainbow,06/04/2016,32.5,0.078,N,Rainbow20160604
63rdStreet,06/06/2016,27.1,0.083,N,63rdStreet20160606
Calumet,06/06/2016,51.3,0.164,N,Calumet20160606
Foster,06/06/2016,23.4,0.044,N,Foster20160606
Leone,06/06/2016,15.3,0.016,N,Leone20160606
Montrose,06/06/2016,132.8,0.343,N,Montrose20160606
OakStreet,06/06/2016,22.3,0.025,N,OakStreet20160606
Ohio,06/06/2016,66.6,0.171,N,Ohio20160606
Osterman,06/06/2016,12.8,0.012,N,Osterman20160606
Rainbow,06/06/2016,34.2,0.083,N,Rainbow20160606
63rdStreet,06/07/2016,29.9,0.093,N,63rdStreet20160607
Calumet,06/07/2016,84.1,0.255,N,Calumet20160607
Foster,06/07/2016,36.4,0.084,N,Foster20160607
Leone,06/07/2016,34,0.065,N,Leone20160607
Montrose,06/07/2016,98.8,0.27,N,Montrose20160607
OakStreet,06/07/2016,24.5,0.03,N,OakStreet20160607
Ohio,06/07/2016,68.4,0.176,N,Ohio20160607
Osterman,06/07/2016,19.8,0.028,N,Osterman20160607
Rainbow,06/07/2016,37.2,0.093,N,Rainbow20160607
63rdStreet,06/08/2016,32.1,0.101,N,63rdStreet20160608
Calumet,06/08/2016,49.2,0.158,N,Calumet20160608
Foster,06/08/2016,36.7,0.085,N,Foster20160608
Leone,06/08/2016,34.2,0.066,N,Leone20160608
Montrose,06/08/2016,108.5,0.293,N,Montrose20160608
OakStreet,06/08/2016,24.5,0.03,N,OakStreet20160608
Ohio,06/08/2016,70.8,0.183,N,Ohio20160608
Osterman,06/08/2016,18.9,0.026,N,Osterman20160608
Rainbow,06/08/2016,53.7,0.145,N,Rainbow20160608
63rdStreet,06/09/2016,38.8,0.124,N,63rdStreet20160609
Calumet,06/09/2016,59.1,0.188,N,Calumet20160609
Foster,06/09/2016,33.7,0.076,N,Foster20160609
Leone,06/09/2016,31.8,0.059,N,Leone20160609
Montrose,06/09/2016,105,0.285,N,Montrose20160609
OakStreet,06/09/2016,24.5,0.03,N,OakStreet20160609
Ohio,06/09/2016,46.6,0.111,N,Ohio20160609
Osterman,06/09/2016,18.7,0.026,N,Osterman20160609
Rainbow,06/09/2016,33.3,0.08,N,Rainbow20160609
63rdStreet,06/10/2016,40.9,0.131,N,63rdStreet20160610
Calumet,06/10/2016,47.9,0.153,N,Calumet20160610
Foster,06/10/2016,87.5,0.233,N,Foster20160610
Leone,06/10/2016,73.5,0.181,N,Leone20160610
Montrose,06/10/2016,423.7,0.661,Y,Montrose20160610
OakStreet,06/10/2016,31.8,0.048,N,OakStreet20160610
Ohio,06/10/2016,95.3,0.248,N,Ohio20160610
Osterman,06/10/2016,91.8,0.234,N,Osterman20160610
Rainbow,06/10/2016,34.3,0.083,N,Rainbow20160610
63rdStreet,06/12/2016,48.2,0.155,N,63rdStreet20160612
Calumet,06/12/2016,154.3,0.393,N,Calumet20160612
Foster,06/12/2016,35.1,0.08,N,Foster20160612
Leone,06/12/2016,32.6,0.061,N,Leone20160612
Montrose,06/12/2016,132.4,0.343,N,Montrose20160612
OakStreet,06/12/2016,24.5,0.03,N,OakStreet20160612
Ohio,06/12/2016,47.9,0.115,N,Ohio20160612
Osterman,06/12/2016,20,0.029,N,Osterman20160612
Rainbow,06/12/2016,121.4,0.318,N,Rainbow20160612
63rdStreet,06/13/2016,48.3,0.155,N,63rdStreet20160613
Calumet,06/13/2016,91.6,0.273,N,Calumet20160613
Foster,06/13/2016,36.7,0.085,N,Foster20160613
Leone,06/13/2016,33.9,0.065,N,Leone20160613
Montrose,06/13/2016,149,0.374,N,Montrose20160613
OakStreet,06/13/2016,24.5,0.03,N,OakStreet20160613
Ohio,06/13/2016,55.1,0.137,N,Ohio20160613
Osterman,06/13/2016,26,0.045,N,Osterman20160613
Rainbow,06/13/2016,87.2,0.238,N,Rainbow20160613
63rdStreet,06/14/2016,55.8,0.179,N,63rdStreet20160614
Calumet,06/14/2016,49.4,0.158,N,Calumet20160614
Foster,06/14/2016,36.1,0.083,N,Foster20160614
Leone,06/14/2016,33.4,0.063,N,Leone20160614
Montrose,06/14/2016,129,0.336,N,Montrose20160614
OakStreet,06/14/2016,24.5,0.03,N,OakStreet20160614
Ohio,06/14/2016,66.7,0.171,N,Ohio20160614
Osterman,06/14/2016,32.6,0.064,N,Osterman20160614
Rainbow,06/14/2016,96.4,0.261,N,Rainbow20160614
63rdStreet,06/15/2016,178.9,0.431,N,63rdStreet20160615
Calumet,06/15/2016,56,0.178,N,Calumet20160615
Foster,06/15/2016,34.2,0.077,N,Foster20160615
Leone,06/15/2016,20.4,0.028,N,Leone20160615
Montrose,06/15/2016,254.7,0.523,Y,Montrose20160615
OakStreet,06/15/2016,27.1,0.036,N,OakStreet20160615
Ohio,06/15/2016,67.9,0.175,N,Ohio20160615
Osterman,06/15/2016,30.8,0.059,N,Osterman20160615
Rainbow,06/15/2016,38.1,0.096,N,Rainbow20160615
63rdStreet,06/16/2016,49.7,0.16,N,63rdStreet20160616
Calumet,06/16/2016,41.6,0.133,N,Calumet20160616
Foster,06/16/2016,19.2,0.032,N,Foster20160616
Leone,06/16/2016,12.2,0.01,N,Leone20160616
Montrose,06/16/2016,126.4,0.331,N,Montrose20160616
OakStreet,06/16/2016,20.5,0.021,N,OakStreet20160616
Ohio,06/16/2016,36.2,0.079,N,Ohio20160616
Osterman,06/16/2016,12,0.011,N,Osterman20160616
Rainbow,06/16/2016,61.4,0.168,N,Rainbow20160616
63rdStreet,06/17/2016,43.7,0.141,N,63rdStreet20160617
Calumet,06/17/2016,108.3,0.309,N,Calumet20160617
Foster,06/17/2016,46.8,0.117,N,Foster20160617
Leone,06/17/2016,41.3,0.087,N,Leone20160617
Montrose,06/17/2016,142.7,0.362,N,Montrose20160617
OakStreet,06/17/2016,24.5,0.03,N,OakStreet20160617
Ohio,06/17/2016,79.2,0.206,N,Ohio20160617
Osterman,06/17/2016,22.1,0.034,N,Osterman20160617
Rainbow,06/17/2016,109,0.291,N,Rainbow20160617
63rdStreet,06/18/2016,-1000,-1,N,63rdStreet20160618
Calumet,06/18/2016,-1000,-1,N,Calumet20160618
Foster,06/18/2016,-1000,-1,N,Foster20160618
Leone,06/18/2016,-1000,-1,N,Leone20160618
Montrose,06/18/2016,-1000,-1,N,Montrose20160618
OakStreet,06/18/2016,-1000,-1,N,OakStreet20160618
Ohio,06/18/2016,-1000,-1,N,Ohio20160618
Osterman,06/18/2016,-1000,-1,N,Osterman20160618
Rainbow,06/18/2016,-1000,-1,N,Rainbow20160618
63rdStreet,06/19/2016,32.4,0.102,N,63rdStreet20160619
Calumet,06/19/2016,35.3,0.111,N,Calumet20160619
Foster,06/19/2016,17.9,0.029,N,Foster20160619
Leone,06/19/2016,11.2,0.009,N,Leone20160619
Montrose,06/19/2016,142.9,0.363,N,Montrose20160619
OakStreet,06/19/2016,19.8,0.02,N,OakStreet20160619
Ohio,06/19/2016,25.6,0.048,N,Ohio20160619
Osterman,06/19/2016,9.4,0.006,N,Osterman20160619
Rainbow,06/19/2016,36.7,0.091,N,Rainbow20160619
63rdStreet,06/20/2016,28.2,0.087,N,63rdStreet20160620
Calumet,06/20/2016,30.6,0.095,N,Calumet20160620
Foster,06/20/2016,15,0.021,N,Foster20160620
Leone,06/20/2016,9.5,0.006,N,Leone20160620
Montrose,06/20/2016,135.9,0.349,N,Montrose20160620
OakStreet,06/20/2016,19.4,0.019,N,OakStreet20160620
Ohio,06/20/2016,27.4,0.053,N,Ohio20160620
Osterman,06/20/2016,12.1,0.011,N,Osterman20160620
Rainbow,06/20/2016,47.5,0.126,N,Rainbow20160620
63rdStreet,06/21/2016,34.8,0.111,N,63rdStreet20160621
Calumet,06/21/2016,50.4,0.161,N,Calumet20160621
Foster,06/21/2016,20.5,0.036,N,Foster20160621
Leone,06/21/2016,12.5,0.011,N,Leone20160621
Montrose,06/21/2016,117,0.311,N,Montrose20160621
OakStreet,06/21/2016,20.1,0.02,N,OakStreet20160621
Ohio,06/21/2016,27.7,0.054,N,Ohio20160621
Osterman,06/21/2016,10.5,0.008,N,Osterman20160621
Rainbow,06/21/2016,58,0.158,N,Rainbow20160621
63rdStreet,06/22/2016,52.8,0.169,N,63rdStreet20160622
Calumet,06/22/2016,28.6,0.088,N,Calumet20160622
Foster,06/22/2016,19.5,0.033,N,Foster20160622
Leone,06/22/2016,12.2,0.01,N,Leone20160622
Montrose,06/22/2016,121.2,0.32,N,Montrose20160622
OakStreet,06/22/2016,20.2,0.02,N,OakStreet20160622
Ohio,06/22/2016,29.1,0.058,N,Ohio20160622
Osterman,06/22/2016,10.3,0.008,N,Osterman20160622
Rainbow,06/22/2016,42.6,0.11,N,Rainbow20160622
63rdStreet,06/23/2016,65.4,0.206,N,63rdStreet20160623
Calumet,06/23/2016,109.4,0.312,N,Calumet20160623
Foster,06/23/2016,146.3,0.363,N,Foster20160623
Leone,06/23/2016,165.1,0.391,N,Leone20160623
Montrose,06/23/2016,740.9,0.791,Y,Montrose20160623
OakStreet,06/23/2016,36.7,0.061,N,OakStreet20160623
Ohio,06/23/2016,97.3,0.253,N,Ohio20160623
Osterman,06/23/2016,284.3,0.558,Y,Osterman20160623
Rainbow,06/23/2016,106.3,0.284,N,Rainbow20160623
63rdStreet,06/24/2016,44.2,0.142,N,63rdStreet20160624
Calumet,06/24/2016,115.4,0.324,N,Calumet20160624
Foster,06/24/2016,30,0.064,N,Foster20160624
Leone,06/24/2016,19.1,0.025,N,Leone20160624
Montrose,06/24/2016,158.6,0.391,N,Montrose20160624
OakStreet,06/24/2016,22,0.024,N,OakStreet20160624
Ohio,06/24/2016,51,0.125,N,Ohio20160624
Osterman,06/24/2016,20.9,0.031,N,Osterman20160624
Rainbow,06/24/2016,108.1,0.289,N,Rainbow20160624
63rdStreet,06/25/2016,33.8,0.107,N,63rdStreet20160625
Calumet,06/25/2016,48,0.154,N,Calumet20160625
Foster,06/25/2016,31.5,0.069,N,Foster20160625
Leone,06/25/2016,29.1,0.051,N,Leone20160625
Montrose,06/25/2016,128.7,0.335,N,Montrose20160625
OakStreet,06/25/2016,24.5,0.03,N,OakStreet20160625
Ohio,06/25/2016,28.3,0.056,N,Ohio20160625
Osterman,06/25/2016,26.7,0.047,N,Osterman20160625
Rainbow,06/25/2016,41.4,0.106,N,Rainbow20160625
63rdStreet,06/26/2016,380.3,0.621,Y,63rdStreet20160626
Calumet,06/26/2016,73.4,0.227,N,Calumet20160626
Foster,06/26/2016,26.8,0.055,N,Foster20160626
Leone,06/26/2016,16.3,0.018,N,Leone20160626
Montrose,06/26/2016,212.3,0.471,N,Montrose20160626
OakStreet,06/26/2016,22.4,0.025,N,OakStreet20160626
Ohio,06/26/2016,35.9,0.079,N,Ohio20160626
Osterman,06/26/2016,23.9,0.039,N,Osterman20160626
Rainbow,06/26/2016,45.1,0.118,N,Rainbow20160626
63rdStreet,06/27/2016,37.2,0.119,N,63rdStreet20160627
Calumet,06/27/2016,28.3,0.087,N,Calumet20160627
Foster,06/27/2016,24.2,0.047,N,Foster20160627
Leone,06/27/2016,16.1,0.018,N,Leone20160627
Montrose,06/27/2016,161.9,0.396,N,Montrose20160627
OakStreet,06/27/2016,22.2,0.024,N,OakStreet20160627
Ohio,06/27/2016,27.1,0.052,N,Ohio20160627
Osterman,06/27/2016,14.2,0.015,N,Osterman20160627
Rainbow,06/27/2016,70.3,0.193,N,Rainbow20160627
63rdStreet,06/28/2016,56.5,0.181,N,63rdStreet20160628
Calumet,06/28/2016,216.9,0.479,N,Calumet20160628
Foster,06/28/2016,62.9,0.165,N,Foster20160628
Leone,06/28/2016,85.1,0.213,N,Leone20160628
Montrose,06/28/2016,207,0.464,N,Montrose20160628
OakStreet,06/28/2016,30.2,0.044,N,OakStreet20160628
Ohio,06/28/2016,45.2,0.107,N,Ohio20160628
Osterman,06/28/2016,63.4,0.156,N,Osterman20160628
Rainbow,06/28/2016,146.6,0.367,N,Rainbow20160628
63rdStreet,06/29/2016,36.8,0.117,N,63rdStreet20160629
Calumet,06/29/2016,125.7,0.344,N,Calumet20160629
Foster,06/29/2016,41.9,0.102,N,Foster20160629
Leone,06/29/2016,37.2,0.075,N,Leone20160629
Montrose,06/29/2016,181.3,0.427,N,Montrose20160629
OakStreet,06/29/2016,24.5,0.03,N,OakStreet20160629
Ohio,06/29/2016,37.1,0.082,N,Ohio20160629
Osterman,06/29/2016,26.3,0.046,N,Osterman20160629
Rainbow,06/29/2016,63.8,0.174,N,Rainbow20160629
63rdStreet,06/30/2016,33.8,0.107,N,63rdStreet20160630
Calumet,06/30/2016,31.2,0.097,N,Calumet20160630
Foster,06/30/2016,27.5,0.057,N,Foster20160630
Leone,06/30/2016,16.8,0.02,N,Leone20160630
Montrose,06/30/2016,112.8,0.302,N,Montrose20160630
OakStreet,06/30/2016,21.1,0.022,N,OakStreet20160630
Ohio,06/30/2016,24.1,0.043,N,Ohio20160630
Osterman,06/30/2016,10.6,0.008,N,Osterman20160630
Rainbow,06/30/2016,42.6,0.11,N,Rainbow20160630
63rdStreet,07/01/2016,34.3,0.109,N,63rdStreet20160701
Calumet,07/01/2016,81.8,0.249,N,Calumet20160701
Foster,07/01/2016,43.1,0.105,N,Foster20160701
Leone,07/01/2016,37.7,0.076,N,Leone20160701
Montrose,07/01/2016,123.5,0.325,N,Montrose20160701
OakStreet,07/01/2016,24.5,0.03,N,OakStreet20160701
Ohio,07/01/2016,41.4,0.095,N,Ohio20160701
Osterman,07/01/2016,41.1,0.089,N,Osterman20160701
Rainbow,07/01/2016,53.3,0.143,N,Rainbow20160701
63rdStreet,07/02/2016,55.8,0.178,N,63rdStreet20160702
Calumet,07/02/2016,151.5,0.389,N,Calumet20160702
Foster,07/02/2016,40.2,0.096,N,Foster20160702
Leone,07/02/2016,26.6,0.044,N,Leone20160702
Montrose,07/02/2016,173.5,0.415,N,Montrose20160702
OakStreet,07/02/2016,22.9,0.026,N,OakStreet20160702
Ohio,07/02/2016,33.9,0.072,N,Ohio20160702
Osterman,07/02/2016,14.7,0.016,N,Osterman20160702
Rainbow,07/02/2016,98.3,0.266,N,Rainbow20160702
63rdStreet,07/04/2016,59.1,0.188,N,63rdStreet20160704
Calumet,07/04/2016,70.4,0.219,N,Calumet20160704
Foster,07/04/2016,42.2,0.103,N,Foster20160704
Leone,07/04/2016,37.1,0.074,N,Leone20160704
Montrose,07/04/2016,111.3,0.299,N,Montrose20160704
OakStreet,07/04/2016,24.5,0.03,N,OakStreet20160704
Ohio,07/04/2016,40.8,0.094,N,Ohio20160704
Osterman,07/04/2016,44,0.098,N,Osterman20160704
Rainbow,07/04/2016,63.5,0.174,N,Rainbow20160704
63rdStreet,07/05/2016,54.2,0.174,N,63rdStreet20160705
Calumet,07/05/2016,37.9,0.12,N,Calumet20160705
Foster,07/05/2016,32.1,0.071,N,Foster20160705
Leone,07/05/2016,21.1,0.03,N,Leone20160705
Montrose,07/05/2016,162.6,0.397,N,Montrose20160705
OakStreet,07/05/2016,22.5,0.025,N,OakStreet20160705
Ohio,07/05/2016,33.9,0.072,N,Ohio20160705
Osterman,07/05/2016,22.3,0.035,N,Osterman20160705
Rainbow,07/05/2016,70.9,0.195,N,Rainbow20160705
63rdStreet,07/06/2016,1382.7,0.872,Y,63rdStreet20160706
Calumet,07/06/2016,82.6,0.251,N,Calumet20160706
Foster,07/06/2016,80.2,0.214,N,Foster20160706
Leone,07/06/2016,41.9,0.089,N,Leone20160706
Montrose,07/06/2016,529.3,0.717,Y,Montrose20160706
OakStreet,07/06/2016,32,0.048,N,OakStreet20160706
Ohio,07/06/2016,63,0.161,N,Ohio20160706
Osterman,07/06/2016,77.3,0.196,N,Osterman20160706
Rainbow,07/06/2016,50.8,0.136,N,Rainbow20160706
63rdStreet,07/07/2016,43.9,0.141,N,63rdStreet20160707
Calumet,07/07/2016,40.1,0.128,N,Calumet20160707
Foster,07/07/2016,25.9,0.052,N,Foster20160707
Leone,07/07/2016,15.7,0.017,N,Leone20160707
Montrose,07/07/2016,155.2,0.385,N,Montrose20160707
OakStreet,07/07/2016,26,0.033,N,OakStreet20160707
Ohio,07/07/2016,29.7,0.06,N,Ohio20160707
Osterman,07/07/2016,21.9,0.034,N,Osterman20160707
Rainbow,07/07/2016,81.4,0.223,N,Rainbow20160707
63rdStreet,07/08/2016,-1002,-1,N,63rdStreet20160708
Calumet,07/08/2016,-1002,-1,N,Calumet20160708
Foster,07/08/2016,-1002,-1,N,Foster20160708
Leone,07/08/2016,-1002,-1,N,Leone20160708
Montrose,07/08/2016,-1002,-1,N,Montrose20160708
OakStreet,07/08/2016,-1002,-1,N,OakStreet20160708
Ohio,07/08/2016,-1002,-1,N,Ohio20160708
Osterman,07/08/2016,-1002,-1,N,Osterman20160708
Rainbow,07/08/2016,-1002,-1,N,Rainbow20160708
63rdStreet,07/09/2016,46.5,0.149,N,63rdStreet20160709
Calumet,07/09/2016,92.4,0.274,N,Calumet20160709
Foster,07/09/2016,44.2,0.109,N,Foster20160709
Leone,07/09/2016,38.2,0.077,N,Leone20160709
Montrose,07/09/2016,125.1,0.328,N,Montrose20160709
OakStreet,07/09/2016,24.5,0.03,N,OakStreet20160709
Ohio,07/09/2016,31.2,0.064,N,Ohio20160709
Osterman,07/09/2016,43.4,0.096,N,Osterman20160709
Rainbow,07/09/2016,86.3,0.236,N,Rainbow20160709
63rdStreet,07/10/2016,40.1,0.128,N,63rdStreet20160710
Calumet,07/10/2016,107.6,0.308,N,Calumet20160710
Foster,07/10/2016,35.9,0.083,N,Foster20160710
Leone,07/10/2016,22.6,0.033,N,Leone20160710
Montrose,07/10/2016,197.1,0.451,N,Montrose20160710
OakStreet,07/10/2016,22.4,0.025,N,OakStreet20160710
Ohio,07/10/2016,30.1,0.061,N,Ohio20160710
Osterman,07/10/2016,20.5,0.03,N,Osterman20160710
Rainbow,07/10/2016,46,0.121,N,Rainbow20160710
63rdStreet,07/11/2016,40.2,0.129,N,63rdStreet20160711
Calumet,07/11/2016,37.5,0.119,N,Calumet20160711
Foster,07/11/2016,35.7,0.082,N,Foster20160711
Leone,07/11/2016,31.8,0.059,N,Leone20160711
Montrose,07/11/2016,139.4,0.356,N,Montrose20160711
OakStreet,07/11/2016,24.5,0.03,N,OakStreet20160711
Ohio,07/11/2016,23.2,0.041,N,Ohio20160711
Osterman,07/11/2016,34.7,0.07,N,Osterman20160711
Rainbow,07/11/2016,50.4,0.134,N,Rainbow20160711
63rdStreet,07/12/2016,35,0.111,N,63rdStreet20160712
Calumet,07/12/2016,29.1,0.09,N,Calumet20160712
Foster,07/12/2016,16.7,0.026,N,Foster20160712
Leone,07/12/2016,10.2,0.007,N,Leone20160712
Montrose,07/12/2016,122.5,0.323,N,Montrose20160712
OakStreet,07/12/2016,17.2,0.015,N,OakStreet20160712
Ohio,07/12/2016,25.2,0.046,N,Ohio20160712
Osterman,07/12/2016,23.7,0.038,N,Osterman20160712
Rainbow,07/12/2016,56.1,0.152,N,Rainbow20160712
63rdStreet,07/13/2016,37.8,0.121,N,63rdStreet20160713
Calumet,07/13/2016,37.5,0.119,N,Calumet20160713
Foster,07/13/2016,36.3,0.084,N,Foster20160713
Leone,07/13/2016,32.2,0.06,N,Leone20160713
Montrose,07/13/2016,142.2,0.361,N,Montrose20160713
OakStreet,07/13/2016,24.5,0.03,N,OakStreet20160713
Ohio,07/13/2016,26.6,0.05,N,Ohio20160713
Osterman,07/13/2016,45.5,0.103,N,Osterman20160713
Rainbow,07/13/2016,48.1,0.127,N,Rainbow20160713
63rdStreet,07/14/2016,44.3,0.142,N,63rdStreet20160714
Calumet,07/14/2016,122.6,0.338,N,Calumet20160714
Foster,07/14/2016,40.1,0.096,N,Foster20160714
Leone,07/14/2016,22.1,0.032,N,Leone20160714
Montrose,07/14/2016,213.6,0.473,N,Montrose20160714
OakStreet,07/14/2016,26.6,0.034,N,OakStreet20160714
Ohio,07/14/2016,37.2,0.082,N,Ohio20160714
Osterman,07/14/2016,39.7,0.085,N,Osterman20160714
Rainbow,07/14/2016,96.7,0.262,N,Rainbow20160714
63rdStreet,07/15/2016,50.2,0.161,N,63rdStreet20160715
Calumet,07/15/2016,54.5,0.174,N,Calumet20160715
Foster,07/15/2016,35.2,0.081,N,Foster20160715
Leone,07/15/2016,20.2,0.027,N,Leone20160715
Montrose,07/15/2016,124.2,0.326,N,Montrose20160715
OakStreet,07/15/2016,21.2,0.022,N,OakStreet20160715
Ohio,07/15/2016,23.9,0.043,N,Ohio20160715
Osterman,07/15/2016,20.7,0.031,N,Osterman20160715
Rainbow,07/15/2016,80.2,0.22,N,Rainbow20160715
63rdStreet,07/16/2016,48.4,0.156,N,63rdStreet20160716
Calumet,07/16/2016,154.4,0.394,N,Calumet20160716
Foster,07/16/2016,53.2,0.136,N,Foster20160716
Leone,07/16/2016,44.3,0.096,N,Leone20160716
Montrose,07/16/2016,157.8,0.389,N,Montrose20160716
OakStreet,07/16/2016,24.5,0.03,N,OakStreet20160716
Ohio,07/16/2016,30.9,0.063,N,Ohio20160716
Osterman,07/16/2016,49.3,0.114,N,Osterman20160716
Rainbow,07/16/2016,132.7,0.341,N,Rainbow20160716
63rdStreet,07/17/2016,54.6,0.175,N,63rdStreet20160717
Calumet,07/17/2016,72.5,0.225,N,Calumet20160717
Foster,07/17/2016,45.7,0.113,N,Foster20160717
Leone,07/17/2016,38.9,0.08,N,Leone20160717
Montrose,07/17/2016,106.5,0.288,N,Montrose20160717
OakStreet,07/17/2016,24.5,0.03,N,OakStreet20160717
Ohio,07/17/2016,21.5,0.036,N,Ohio20160717
Osterman,07/17/2016,38.8,0.082,N,Osterman20160717
Rainbow,07/17/2016,56.7,0.154,N,Rainbow20160717
63rdStreet,07/18/2016,46.6,0.15,N,63rdStreet20160718
Calumet,07/18/2016,142.9,0.375,N,Calumet20160718
Foster,07/18/2016,79.8,0.213,N,Foster20160718
Leone,07/18/2016,42,0.089,N,Leone20160718
Montrose,07/18/2016,559.9,0.73,Y,Montrose20160718
OakStreet,07/18/2016,24.3,0.029,N,OakStreet20160718
Ohio,07/18/2016,42.5,0.099,N,Ohio20160718
Osterman,07/18/2016,84.6,0.215,N,Osterman20160718
Rainbow,07/18/2016,86.7,0.237,N,Rainbow20160718
63rdStreet,07/19/2016,45,0.145,N,63rdStreet20160719
Calumet,07/19/2016,37.9,0.121,N,Calumet20160719
Foster,07/19/2016,41.5,0.1,N,Foster20160719
Leone,07/19/2016,35.8,0.071,N,Leone20160719
Montrose,07/19/2016,145.4,0.367,N,Montrose20160719
OakStreet,07/19/2016,24.5,0.03,N,OakStreet20160719
Ohio,07/19/2016,24.5,0.044,N,Ohio20160719
Osterman,07/19/2016,46.5,0.106,N,Osterman20160719
Rainbow,07/19/2016,49.9,0.133,N,Rainbow20160719
63rdStreet,07/20/2016,46.2,0.148,N,63rdStreet20160720
Calumet,07/20/2016,67,0.21,N,Calumet20160720
Foster,07/20/2016,39.3,0.093,N,Foster20160720
Leone,07/20/2016,34.2,0.066,N,Leone20160720
Montrose,07/20/2016,157,0.388,N,Montrose20160720
OakStreet,07/20/2016,24.5,0.03,N,OakStreet20160720
Ohio,07/20/2016,20.8,0.034,N,Ohio20160720
Osterman,07/20/2016,43.7,0.097,N,Osterman20160720
Rainbow,07/20/2016,49.9,0.133,N,Rainbow20160720
63rdStreet,07/21/2016,45.2,0.145,N,63rdStreet20160721
Calumet,07/21/2016,41,0.131,N,Calumet20160721
Foster,07/21/2016,25,0.049,N,Foster20160721
Leone,07/21/2016,14.6,0.015,N,Leone20160721
Montrose,07/21/2016,157.1,0.388,N,Montrose20160721
OakStreet,07/21/2016,20.4,0.021,N,OakStreet20160721
Ohio,07/21/2016,23.5,0.041,N,Ohio20160721
Osterman,07/21/2016,29.4,0.054,N,Osterman20160721
Rainbow,07/21/2016,54.3,0.146,N,Rainbow20160721
63rdStreet,07/22/2016,61.6,0.196,N,63rdStreet20160722
Calumet,07/22/2016,124.5,0.342,N,Calumet20160722
Foster,07/22/2016,145,0.361,N,Foster20160722
Leone,07/22/2016,107.5,0.27,N,Leone20160722
Montrose,07/22/2016,796.2,0.806,Y,Montrose20160722
OakStreet,07/22/2016,37.8,0.064,N,OakStreet20160722
Ohio,07/22/2016,44,0.103,N,Ohio20160722
Osterman,07/22/2016,230.2,0.494,N,Osterman20160722
Rainbow,07/22/2016,49.8,0.132,N,Rainbow20160722
63rdStreet,07/23/2016,55.6,0.178,N,63rdStreet20160723
Calumet,07/23/2016,41.8,0.134,N,Calumet20160723
Foster,07/23/2016,29.8,0.064,N,Foster20160723
Leone,07/23/2016,18.6,0.024,N,Leone20160723
Montrose,07/23/2016,168.5,0.407,N,Montrose20160723
OakStreet,07/23/2016,22.2,0.025,N,OakStreet20160723
Ohio,07/23/2016,20.4,0.033,N,Ohio20160723
Osterman,07/23/2016,31.6,0.061,N,Osterman20160723
Rainbow,07/23/2016,85.1,0.233,N,Rainbow20160723
63rdStreet,07/24/2016,-1002,-1,N,63rdStreet20160724
Calumet,07/24/2016,-1002,-1,N,Calumet20160724
Foster,07/24/2016,-1002,-1,N,Foster20160724
Leone,07/24/2016,-1002,-1,N,Leone20160724
Montrose,07/24/2016,-1002,-1,N,Montrose20160724
OakStreet,07/24/2016,-1002,-1,N,OakStreet20160724
Ohio,07/24/2016,-1002,-1,N,Ohio20160724
Osterman,07/24/2016,-1002,-1,N,Osterman20160724
Rainbow,07/24/2016,-1002,-1,N,Rainbow20160724
63rdStreet,07/25/2016,-1002,-1,N,63rdStreet20160725
Calumet,07/25/2016,-1002,-1,N,Calumet20160725
Foster,07/25/2016,-1002,-1,N,Foster20160725
Leone,07/25/2016,-1002,-1,N,Leone20160725
Montrose,07/25/2016,-1002,-1,N,Montrose20160725
OakStreet,07/25/2016,-1002,-1,N,OakStreet20160725
Ohio,07/25/2016,-1002,-1,N,Ohio20160725
Osterman,07/25/2016,-1002,-1,N,Osterman20160725
Rainbow,07/25/2016,-1002,-1,N,Rainbow20160725
63rdStreet,07/26/2016,-1002,-1,N,63rdStreet20160726
Calumet,07/26/2016,-1002,-1,N,Calumet20160726
Foster,07/26/2016,-1002,-1,N,Foster20160726
Leone,07/26/2016,-1002,-1,N,Leone20160726
Montrose,07/26/2016,-1002,-1,N,Montrose20160726
OakStreet,07/26/2016,-1002,-1,N,OakStreet20160726
Ohio,07/26/2016,-1002,-1,N,Ohio20160726
Osterman,07/26/2016,-1002,-1,N,Osterman20160726
Rainbow,07/26/2016,-1002,-1,N,Rainbow20160726
63rdStreet,07/27/2016,49.3,0.159,N,63rdStreet20160727
Calumet,07/27/2016,52.1,0.167,N,Calumet20160727
Foster,07/27/2016,40.8,0.098,N,Foster20160727
Leone,07/27/2016,28.3,0.049,N,Leone20160727
Montrose,07/27/2016,168.9,0.408,N,Montrose20160727
OakStreet,07/27/2016,23.5,0.027,N,OakStreet20160727
Ohio,07/27/2016,19.9,0.032,N,Ohio20160727
Osterman,07/27/2016,27,0.048,N,Osterman20160727
Rainbow,07/27/2016,53.7,0.145,N,Rainbow20160727
63rdStreet,07/28/2016,-1002,-1,N,63rdStreet20160728
Calumet,07/28/2016,-1002,-1,N,Calumet20160728
Foster,07/28/2016,-1002,-1,N,Foster20160728
Leone,07/28/2016,-1002,-1,N,Leone20160728
Montrose,07/28/2016,-1002,-1,N,Montrose20160728
OakStreet,07/28/2016,-1002,-1,N,OakStreet20160728
Ohio,07/28/2016,-1002,-1,N,Ohio20160728
Osterman,07/28/2016,-1002,-1,N,Osterman20160728
Rainbow,07/28/2016,-1002,-1,N,Rainbow20160728
63rdStreet,07/29/2016,64.3,0.203,N,63rdStreet20160729
Calumet,07/29/2016,241,0.506,Y,Calumet20160729
Foster,07/29/2016,51.4,0.131,N,Foster20160729
Leone,07/29/2016,31.9,0.059,N,Leone20160729
Montrose,07/29/2016,299.8,0.568,Y,Montrose20160729
OakStreet,07/29/2016,25.6,0.032,N,OakStreet20160729
Ohio,07/29/2016,24.7,0.045,N,Ohio20160729
Osterman,07/29/2016,48.7,0.112,N,Osterman20160729
Rainbow,07/29/2016,155.2,0.383,N,Rainbow20160729
63rdStreet,07/30/2016,219.8,0.483,N,63rdStreet20160730
Calumet,07/30/2016,274.6,0.54,Y,Calumet20160730
Foster,07/30/2016,92.1,0.245,N,Foster20160730
Leone,07/30/2016,109.5,0.275,N,Leone20160730
Montrose,07/30/2016,318.3,0.585,Y,Montrose20160730
OakStreet,07/30/2016,33,0.051,N,OakStreet20160730
Ohio,07/30/2016,28.1,0.055,N,Ohio20160730
Osterman,07/30/2016,176.6,0.413,N,Osterman20160730
Rainbow,07/30/2016,185.5,0.432,N,Rainbow20160730
63rdStreet,07/31/2016,70.4,0.22,N,63rdStreet20160731
Calumet,07/31/2016,28.8,0.089,N,Calumet20160731
Foster,07/31/2016,55.3,0.143,N,Foster20160731
Leone,07/31/2016,44.9,0.098,N,Leone20160731
Montrose,07/31/2016,151.9,0.379,N,Montrose20160731
OakStreet,07/31/2016,24.5,0.03,N,OakStreet20160731
Ohio,07/31/2016,24.3,0.044,N,Ohio20160731
Osterman,07/31/2016,78.5,0.199,N,Osterman20160731
Rainbow,07/31/2016,159.3,0.39,N,Rainbow20160731
63rdStreet,08/01/2016,57.6,0.184,N,63rdStreet20160801
Calumet,08/01/2016,85.1,0.257,N,Calumet20160801
Foster,08/01/2016,56.1,0.145,N,Foster20160801
Leone,08/01/2016,57.9,0.136,N,Leone20160801
Montrose,08/01/2016,163.3,0.398,N,Montrose20160801
OakStreet,08/01/2016,25.7,0.033,N,OakStreet20160801
Ohio,08/01/2016,21.4,0.036,N,Ohio20160801
Osterman,08/01/2016,137.2,0.339,N,Osterman20160801
Rainbow,08/01/2016,98.4,0.266,N,Rainbow20160801
63rdStreet,08/02/2016,56.9,0.182,N,63rdStreet20160802
Calumet,08/02/2016,80.6,0.246,N,Calumet20160802
Foster,08/02/2016,48.3,0.121,N,Foster20160802
Leone,08/02/2016,40,0.083,N,Leone20160802
Montrose,08/02/2016,185.4,0.434,N,Montrose20160802
OakStreet,08/02/2016,24.5,0.03,N,OakStreet20160802
Ohio,08/02/2016,17,0.024,N,Ohio20160802
Osterman,08/02/2016,64.1,0.158,N,Osterman20160802
Rainbow,08/02/2016,90.9,0.247,N,Rainbow20160802
63rdStreet,08/03/2016,57.6,0.184,N,63rdStreet20160803
Calumet,08/03/2016,55.8,0.178,N,Calumet20160803
Foster,08/03/2016,47.7,0.119,N,Foster20160803
Leone,08/03/2016,39.5,0.081,N,Leone20160803
Montrose,08/03/2016,165.7,0.402,N,Montrose20160803
OakStreet,08/03/2016,24.5,0.03,N,OakStreet20160803
Ohio,08/03/2016,17.8,0.026,N,Ohio20160803
Osterman,08/03/2016,74.5,0.188,N,Osterman20160803
Rainbow,08/03/2016,89.1,0.243,N,Rainbow20160803
63rdStreet,08/04/2016,54.3,0.174,N,63rdStreet20160804
Calumet,08/04/2016,52.8,0.169,N,Calumet20160804
Foster,08/04/2016,43.6,0.107,N,Foster20160804
Leone,08/04/2016,36.6,0.073,N,Leone20160804
Montrose,08/04/2016,193.4,0.445,N,Montrose20160804
OakStreet,08/04/2016,24.5,0.03,N,OakStreet20160804
Ohio,08/04/2016,15.4,0.02,N,Ohio20160804
Osterman,08/04/2016,54.9,0.131,N,Osterman20160804
Rainbow,08/04/2016,58.4,0.159,N,Rainbow20160804
63rdStreet,08/05/2016,70.4,0.22,N,63rdStreet20160805
Calumet,08/05/2016,62.5,0.197,N,Calumet20160805
Foster,08/05/2016,51.5,0.131,N,Foster20160805
Leone,08/05/2016,41.8,0.088,N,Leone20160805
Montrose,08/05/2016,152.6,0.38,N,Montrose20160805
OakStreet,08/05/2016,24.5,0.03,N,OakStreet20160805
Ohio,08/05/2016,16.9,0.024,N,Ohio20160805
Osterman,08/05/2016,71.3,0.179,N,Osterman20160805
Rainbow,08/05/2016,104.7,0.281,N,Rainbow20160805
63rdStreet,08/06/2016,55,0.176,N,63rdStreet20160806
Calumet,08/06/2016,72.8,0.226,N,Calumet20160806
Foster,08/06/2016,60.4,0.158,N,Foster20160806
Leone,08/06/2016,48,0.107,N,Leone20160806
Montrose,08/06/2016,148.3,0.372,N,Montrose20160806
OakStreet,08/06/2016,24.5,0.03,N,OakStreet20160806
Ohio,08/06/2016,17.5,0.025,N,Ohio20160806
Osterman,08/06/2016,67,0.167,N,Osterman20160806
Rainbow,08/06/2016,103,0.277,N,Rainbow20160806
63rdStreet,08/07/2016,64.9,0.205,N,63rdStreet20160807
Calumet,08/07/2016,64.4,0.203,N,Calumet20160807
Foster,08/07/2016,50.8,0.129,N,Foster20160807
Leone,08/07/2016,30.5,0.055,N,Leone20160807
Montrose,08/07/2016,159.5,0.392,N,Montrose20160807
OakStreet,08/07/2016,22.8,0.026,N,OakStreet20160807
Ohio,08/07/2016,16.7,0.023,N,Ohio20160807
Osterman,08/07/2016,32.5,0.063,N,Osterman20160807
Rainbow,08/07/2016,97.8,0.264,N,Rainbow20160807
63rdStreet,08/08/2016,63.5,0.201,N,63rdStreet20160808
Calumet,08/08/2016,174.3,0.424,N,Calumet20160808
Foster,08/08/2016,62.4,0.164,N,Foster20160808
Leone,08/08/2016,68.5,0.167,N,Leone20160808
Montrose,08/08/2016,205.9,0.463,N,Montrose20160808
OakStreet,08/08/2016,26.6,0.035,N,OakStreet20160808
Ohio,08/08/2016,14.5,0.018,N,Ohio20160808
Osterman,08/08/2016,114.7,0.29,N,Osterman20160808
Rainbow,08/08/2016,114.9,0.304,N,Rainbow20160808
63rdStreet,08/09/2016,60.3,0.192,N,63rdStreet20160809
Calumet,08/09/2016,86.1,0.259,N,Calumet20160809
Foster,08/09/2016,54.5,0.14,N,Foster20160809
Leone,08/09/2016,43.9,0.095,N,Leone20160809
Montrose,08/09/2016,144.6,0.366,N,Montrose20160809
OakStreet,08/09/2016,24.5,0.03,N,OakStreet20160809
Ohio,08/09/2016,14.4,0.018,N,Ohio20160809
Osterman,08/09/2016,61.3,0.15,N,Osterman20160809
Rainbow,08/09/2016,64.4,0.176,N,Rainbow20160809
63rdStreet,08/10/2016,56,0.179,N,63rdStreet20160810
Calumet,08/10/2016,22.2,0.065,N,Calumet20160810
Foster,08/10/2016,46.9,0.117,N,Foster20160810
Leone,08/10/2016,34.2,0.066,N,Leone20160810
Montrose,08/10/2016,179.4,0.424,N,Montrose20160810
OakStreet,08/10/2016,24,0.029,N,OakStreet20160810
Ohio,08/10/2016,14,0.017,N,Ohio20160810
Osterman,08/10/2016,30.8,0.058,N,Osterman20160810
Rainbow,08/10/2016,65.5,0.18,N,Rainbow20160810
63rdStreet,08/11/2016,60.8,0.193,N,63rdStreet20160811
Calumet,08/11/2016,21.3,0.061,N,Calumet20160811
Foster,08/11/2016,36.8,0.086,N,Foster20160811
Leone,08/11/2016,21.4,0.03,N,Leone20160811
Montrose,08/11/2016,171.3,0.412,N,Montrose20160811
OakStreet,08/11/2016,22,0.024,N,OakStreet20160811
Ohio,08/11/2016,15.5,0.02,N,Ohio20160811
Osterman,08/11/2016,33.5,0.066,N,Osterman20160811
Rainbow,08/11/2016,66.9,0.183,N,Rainbow20160811
63rdStreet,08/12/2016,68.9,0.216,N,63rdStreet20160812
Calumet,08/12/2016,67.4,0.211,N,Calumet20160812
Foster,08/12/2016,44.1,0.108,N,Foster20160812
Leone,08/12/2016,24.7,0.039,N,Leone20160812
Montrose,08/12/2016,161,0.395,N,Montrose20160812
OakStreet,08/12/2016,21.9,0.024,N,OakStreet20160812
Ohio,08/12/2016,16.6,0.023,N,Ohio20160812
Osterman,08/12/2016,55.2,0.132,N,Osterman20160812
Rainbow,08/12/2016,68.6,0.188,N,Rainbow20160812
63rdStreet,08/13/2016,228.6,0.493,N,63rdStreet20160813
Calumet,08/13/2016,144.5,0.377,N,Calumet20160813
Foster,08/13/2016,228.4,0.492,N,Foster20160813
Leone,08/13/2016,102,0.257,N,Leone20160813
Montrose,08/13/2016,1542.5,0.908,Y,Montrose20160813
OakStreet,08/13/2016,34.1,0.054,N,OakStreet20160813
Ohio,08/13/2016,39.2,0.089,N,Ohio20160813
Osterman,08/13/2016,336.7,0.609,Y,Osterman20160813
Rainbow,08/13/2016,71.8,0.197,N,Rainbow20160813
63rdStreet,08/14/2016,64.6,0.204,N,63rdStreet20160814
Calumet,08/14/2016,66.5,0.209,N,Calumet20160814
Foster,08/14/2016,51.7,0.132,N,Foster20160814
Leone,08/14/2016,29.8,0.053,N,Leone20160814
Montrose,08/14/2016,165.3,0.402,N,Montrose20160814
OakStreet,08/14/2016,22.5,0.025,N,OakStreet20160814
Ohio,08/14/2016,17,0.024,N,Ohio20160814
Osterman,08/14/2016,43,0.095,N,Osterman20160814
Rainbow,08/14/2016,108.9,0.29,N,Rainbow20160814
63rdStreet,08/15/2016,76.9,0.237,N,63rdStreet20160815
Calumet,08/15/2016,45.3,0.145,N,Calumet20160815
Foster,08/15/2016,60.5,0.158,N,Foster20160815
Leone,08/15/2016,47.5,0.105,N,Leone20160815
Montrose,08/15/2016,172,0.413,N,Montrose20160815
OakStreet,08/15/2016,24.5,0.03,N,OakStreet20160815
Ohio,08/15/2016,18.4,0.027,N,Ohio20160815
Osterman,08/15/2016,86.5,0.221,N,Osterman20160815
Rainbow,08/15/2016,66.1,0.181,N,Rainbow20160815
63rdStreet,08/16/2016,88.8,0.266,N,63rdStreet20160816
Calumet,08/16/2016,299.5,0.562,Y,Calumet20160816
Foster,08/16/2016,49.9,0.126,N,Foster20160816
Leone,08/16/2016,26.3,0.043,N,Leone20160816
Montrose,08/16/2016,242.9,0.509,Y,Montrose20160816
OakStreet,08/16/2016,26.3,0.034,N,OakStreet20160816
Ohio,08/16/2016,20.5,0.033,N,Ohio20160816
Osterman,08/16/2016,61.8,0.152,N,Osterman20160816
Rainbow,08/16/2016,121.9,0.319,N,Rainbow20160816
63rdStreet,08/17/2016,68.3,0.214,N,63rdStreet20160817
Calumet,08/17/2016,38.4,0.122,N,Calumet20160817
Foster,08/17/2016,50.1,0.127,N,Foster20160817
Leone,08/17/2016,29,0.051,N,Leone20160817
Montrose,08/17/2016,139.3,0.356,N,Montrose20160817
OakStreet,08/17/2016,22.5,0.025,N,OakStreet20160817
Ohio,08/17/2016,15.6,0.021,N,Ohio20160817
Osterman,08/17/2016,43.3,0.096,N,Osterman20160817
Rainbow,08/17/2016,74.7,0.205,N,Rainbow20160817
63rdStreet,08/18/2016,706.3,0.76,Y,63rdStreet20160818
Calumet,08/18/2016,70.9,0.221,N,Calumet20160818
Foster,08/18/2016,105.5,0.277,N,Foster20160818
Leone,08/18/2016,52.4,0.12,N,Leone20160818
Montrose,08/18/2016,454.7,0.679,Y,Montrose20160818
OakStreet,08/18/2016,26.9,0.035,N,OakStreet20160818
Ohio,08/18/2016,25.4,0.047,N,Ohio20160818
Osterman,08/18/2016,120.1,0.302,N,Osterman20160818
Rainbow,08/18/2016,74.8,0.206,N,Rainbow20160818
63rdStreet,08/19/2016,77.7,0.239,N,63rdStreet20160819
Calumet,08/19/2016,39.4,0.126,N,Calumet20160819
Foster,08/19/2016,50.9,0.129,N,Foster20160819
Leone,08/19/2016,26.4,0.044,N,Leone20160819
Montrose,08/19/2016,133.7,0.345,N,Montrose20160819
OakStreet,08/19/2016,22.8,0.026,N,OakStreet20160819
Ohio,08/19/2016,15,0.019,N,Ohio20160819
Osterman,08/19/2016,48.2,0.111,N,Osterman20160819
Rainbow,08/19/2016,77.7,0.213,N,Rainbow20160819
63rdStreet,08/20/2016,75.1,0.232,N,63rdStreet20160820
Calumet,08/20/2016,105.1,0.303,N,Calumet20160820
Foster,08/20/2016,68.9,0.183,N,Foster20160820
Leone,08/20/2016,52.8,0.121,N,Leone20160820
Montrose,08/20/2016,135.7,0.349,N,Montrose20160820
OakStreet,08/20/2016,27.3,0.036,N,OakStreet20160820
Ohio,08/20/2016,17.1,0.024,N,Ohio20160820
Osterman,08/20/2016,118.6,0.299,N,Osterman20160820
Rainbow,08/20/2016,85.6,0.234,N,Rainbow20160820
63rdStreet,08/21/2016,80.4,0.246,N,63rdStreet20160821
Calumet,08/21/2016,185.5,0.44,N,Calumet20160821
Foster,08/21/2016,277.6,0.549,Y,Foster20160821
Leone,08/21/2016,114.7,0.287,N,Leone20160821
Montrose,08/21/2016,843.4,0.817,Y,Montrose20160821
OakStreet,08/21/2016,27.7,0.037,N,OakStreet20160821
Ohio,08/21/2016,36.5,0.08,N,Ohio20160821
Osterman,08/21/2016,247.3,0.516,Y,Osterman20160821
Rainbow,08/21/2016,130.4,0.336,N,Rainbow20160821
63rdStreet,08/22/2016,68.5,0.215,N,63rdStreet20160822
Calumet,08/22/2016,97.4,0.286,N,Calumet20160822
Foster,08/22/2016,70.2,0.186,N,Foster20160822
Leone,08/22/2016,37.4,0.075,N,Leone20160822
Montrose,08/22/2016,147.8,0.372,N,Montrose20160822
OakStreet,08/22/2016,22.3,0.025,N,OakStreet20160822
Ohio,08/22/2016,16.8,0.024,N,Ohio20160822
Osterman,08/22/2016,39.3,0.084,N,Osterman20160822
Rainbow,08/22/2016,124,0.323,N,Rainbow20160822
63rdStreet,08/23/2016,64.8,0.204,N,63rdStreet20160823
Calumet,08/23/2016,31.3,0.098,N,Calumet20160823
Foster,08/23/2016,54.3,0.14,N,Foster20160823
Leone,08/23/2016,27.5,0.046,N,Leone20160823
Montrose,08/23/2016,115.4,0.308,N,Montrose20160823
OakStreet,08/23/2016,20.9,0.022,N,OakStreet20160823
Ohio,08/23/2016,14.9,0.019,N,Ohio20160823
Osterman,08/23/2016,40.5,0.088,N,Osterman20160823
Rainbow,08/23/2016,76.9,0.211,N,Rainbow20160823
63rdStreet,08/24/2016,77.9,0.24,N,63rdStreet20160824
Calumet,08/24/2016,34.4,0.108,N,Calumet20160824
Foster,08/24/2016,34,0.077,N,Foster20160824
Leone,08/24/2016,17.7,0.021,N,Leone20160824
Montrose,08/24/2016,105.6,0.286,N,Montrose20160824
OakStreet,08/24/2016,17.4,0.015,N,OakStreet20160824
Ohio,08/24/2016,13.9,0.017,N,Ohio20160824
Osterman,08/24/2016,51.4,0.121,N,Osterman20160824
Rainbow,08/24/2016,87.2,0.238,N,Rainbow20160824
63rdStreet,08/25/2016,96.2,0.284,N,63rdStreet20160825
Calumet,08/25/2016,82.1,0.25,N,Calumet20160825
Foster,08/25/2016,96.7,0.256,N,Foster20160825
Leone,08/25/2016,50,0.113,N,Leone20160825
Montrose,08/25/2016,364.3,0.622,Y,Montrose20160825
OakStreet,08/25/2016,32.8,0.05,N,OakStreet20160825
Ohio,08/25/2016,20.6,0.033,N,Ohio20160825
Osterman,08/25/2016,111.3,0.282,N,Osterman20160825
Rainbow,08/25/2016,84.7,0.232,N,Rainbow20160825
63rdStreet,08/26/2016,95.7,0.282,N,63rdStreet20160826
Calumet,08/26/2016,59.9,0.19,N,Calumet20160826
Foster,08/26/2016,81.4,0.217,N,Foster20160826
Leone,08/26/2016,60.1,0.143,N,Leone20160826
Montrose,08/26/2016,122.3,0.322,N,Montrose20160826
OakStreet,08/26/2016,24.5,0.03,N,OakStreet20160826
Ohio,08/26/2016,15.5,0.02,N,Ohio20160826
Osterman,08/26/2016,102.1,0.26,N,Osterman20160826
Rainbow,08/26/2016,203.3,0.459,N,Rainbow20160826
63rdStreet,08/27/2016,455.5,0.664,Y,63rdStreet20160827
Calumet,08/27/2016,157.6,0.399,N,Calumet20160827
Foster,08/27/2016,340.5,0.608,Y,Foster20160827
Leone,08/27/2016,311.4,0.587,Y,Leone20160827
Montrose,08/27/2016,949.5,0.838,Y,Montrose20160827
OakStreet,08/27/2016,43.8,0.081,N,OakStreet20160827
Ohio,08/27/2016,30.3,0.062,N,Ohio20160827
Osterman,08/27/2016,979.5,0.864,Y,Osterman20160827
Rainbow,08/27/2016,127.4,0.33,N,Rainbow20160827
63rdStreet,08/28/2016,84.8,0.257,N,63rdStreet20160828
Calumet,08/28/2016,64.5,0.203,N,Calumet20160828
Foster,08/28/2016,84.2,0.224,N,Foster20160828
Leone,08/28/2016,62.1,0.149,N,Leone20160828
Montrose,08/28/2016,185.8,0.434,N,Montrose20160828
OakStreet,08/28/2016,27.3,0.036,N,OakStreet20160828
Ohio,08/28/2016,16.8,0.023,N,Ohio20160828
Osterman,08/28/2016,154.1,0.372,N,Osterman20160828
Rainbow,08/28/2016,199,0.453,N,Rainbow20160828
63rdStreet,08/29/2016,85.5,0.259,N,63rdStreet20160829
Calumet,08/29/2016,103.9,0.3,N,Calumet20160829
Foster,08/29/2016,85.9,0.229,N,Foster20160829
Leone,08/29/2016,86.4,0.217,N,Leone20160829
Montrose,08/29/2016,158.6,0.391,N,Montrose20160829
OakStreet,08/29/2016,26.4,0.034,N,OakStreet20160829
Ohio,08/29/2016,15.5,0.02,N,Ohio20160829
Osterman,08/29/2016,266.1,0.538,Y,Osterman20160829
Rainbow,08/29/2016,217.4,0.478,N,Rainbow20160829
63rdStreet,08/30/2016,161.8,0.406,N,63rdStreet20160830
Calumet,08/30/2016,59.3,0.188,N,Calumet20160830
Foster,08/30/2016,154.3,0.378,N,Foster20160830
Leone,08/30/2016,106.5,0.268,N,Leone20160830
Montrose,08/30/2016,458.1,0.681,Y,Montrose20160830
OakStreet,08/30/2016,29.7,0.042,N,OakStreet20160830
Ohio,08/30/2016,22.2,0.038,N,Ohio20160830
Osterman,08/30/2016,326.4,0.6,Y,Osterman20160830
Rainbow,08/30/2016,201.8,0.456,N,Rainbow20160830
63rdStreet,08/31/2016,114.6,0.323,N,63rdStreet20160831
63rdStreet,09/01/2016,120.3,0.334,N,63rdStreet20160901
Calumet,08/31/2016,68.1,0.213,N,Calumet20160831
Calumet,09/01/2016,284.6,0.549,Y,Calumet20160901
Foster,08/31/2016,83.6,0.223,N,Foster20160831
Foster,09/01/2016,130.1,0.331,N,Foster20160901
Leone,08/31/2016,61.6,0.147,N,Leone20160831
Leone,09/01/2016,144.9,0.353,N,Leone20160901
Montrose,08/31/2016,163.8,0.399,N,Montrose20160831
Montrose,09/01/2016,270.4,0.539,Y,Montrose20160901
OakStreet,08/31/2016,26.4,0.034,N,OakStreet20160831
OakStreet,09/01/2016,30,0.043,N,OakStreet20160901
Ohio,08/31/2016,15.7,0.021,N,Ohio20160831
Ohio,09/01/2016,11.1,0.011,N,Ohio20160901
Osterman,08/31/2016,131.1,0.326,N,Osterman20160831
Osterman,09/01/2016,190.9,0.436,N,Osterman20160901
Rainbow,08/31/2016,265.6,0.535,Y,Rainbow20160831
Rainbow,09/01/2016,293.5,0.563,Y,Rainbow20160901
63rdStreet,09/02/2016,79.3,0.243,N,63rdStreet20160902
Calumet,09/02/2016,263.5,0.529,Y,Calumet20160902
Foster,09/02/2016,93.9,0.249,N,Foster20160902
Leone,09/02/2016,67.3,0.164,N,Leone20160902
Montrose,09/02/2016,266,0.535,Y,Montrose20160902
OakStreet,09/02/2016,24.5,0.03,N,OakStreet20160902
Ohio,09/02/2016,11.5,0.011,N,Ohio20160902
Osterman,09/02/2016,94.8,0.242,N,Osterman20160902
Rainbow,09/02/2016,155.4,0.383,N,Rainbow20160902
63rdStreet,09/03/2016,75.4,0.233,N,63rdStreet20160903
Calumet,09/03/2016,91.8,0.273,N,Calumet20160903
Foster,09/03/2016,94,0.249,N,Foster20160903
Leone,09/03/2016,67.4,0.164,N,Leone20160903
Montrose,09/03/2016,162.7,0.398,N,Montrose20160903
OakStreet,09/03/2016,24.5,0.03,N,OakStreet20160903
Ohio,09/03/2016,12.3,0.013,N,Ohio20160903
Osterman,09/03/2016,101.8,0.259,N,Osterman20160903
Rainbow,09/03/2016,83.8,0.229,N,Rainbow20160903
63rdStreet,09/04/2016,72.7,0.226,N,63rdStreet20160904
Calumet,09/04/2016,97.8,0.287,N,Calumet20160904
Foster,09/04/2016,92.8,0.246,N,Foster20160904
Leone,09/04/2016,66.6,0.162,N,Leone20160904
Montrose,09/04/2016,137.9,0.353,N,Montrose20160904
OakStreet,09/04/2016,24.5,0.03,N,OakStreet20160904
Ohio,09/04/2016,12.6,0.014,N,Ohio20160904
Osterman,09/04/2016,113.5,0.287,N,Osterman20160904
Rainbow,09/04/2016,89.5,0.244,N,Rainbow20160904
63rdStreet,09/05/2016,75.8,0.234,N,63rdStreet20160905
Calumet,09/05/2016,43.7,0.14,N,Calumet20160905
Foster,09/05/2016,54.6,0.141,N,Foster20160905
Leone,09/05/2016,26.2,0.043,N,Leone20160905
Montrose,09/05/2016,112.5,0.302,N,Montrose20160905
OakStreet,09/05/2016,19.9,0.02,N,OakStreet20160905
Ohio,09/05/2016,10.4,0.009,N,Ohio20160905
Osterman,09/05/2016,50.9,0.119,N,Osterman20160905
Rainbow,09/05/2016,93.2,0.253,N,Rainbow20160905
63rdStreet,09/06/2016,69.4,0.217,N,63rdStreet20160906
Calumet,09/06/2016,43.3,0.139,N,Calumet20160906
Foster,09/06/2016,51.4,0.131,N,Foster20160906
Leone,09/06/2016,25.8,0.042,N,Leone20160906
Montrose,09/06/2016,151.3,0.378,N,Montrose20160906
OakStreet,09/06/2016,21,0.022,N,OakStreet20160906
Ohio,09/06/2016,10.9,0.01,N,Ohio20160906
Osterman,09/06/2016,69.4,0.174,N,Osterman20160906
Rainbow,09/06/2016,104.2,0.28,N,Rainbow20160906
63rdStreet,09/07/2016,71.3,0.222,N,63rdStreet20160907
Calumet,09/07/2016,49,0.157,N,Calumet20160907
Foster,09/07/2016,41.5,0.1,N,Foster20160907
Leone,09/07/2016,20.5,0.028,N,Leone20160907
Montrose,09/07/2016,137.4,0.352,N,Montrose20160907
OakStreet,09/07/2016,19.3,0.019,N,OakStreet20160907
Ohio,09/07/2016,10,0.009,N,Ohio20160907
Osterman,09/07/2016,66.3,0.164,N,Osterman20160907
Rainbow,09/07/2016,103.1,0.277,N,Rainbow20160907
63rdStreet,09/08/2016,411.5,0.64,Y,63rdStreet20160908
Calumet,09/08/2016,71.7,0.223,N,Calumet20160908
Foster,09/08/2016,94.6,0.251,N,Foster20160908
Leone,09/08/2016,45.9,0.1,N,Leone20160908
Montrose,09/08/2016,229.4,0.493,N,Montrose20160908
OakStreet,09/08/2016,27.5,0.037,N,OakStreet20160908
Ohio,09/08/2016,15.8,0.021,N,Ohio20160908
Osterman,09/08/2016,123.9,0.311,N,Osterman20160908
Rainbow,09/08/2016,171.3,0.41,N,Rainbow20160908
63rdStreet,09/09/2016,97.8,0.287,N,63rdStreet20160909
Calumet,09/09/2016,49.7,0.159,N,Calumet20160909
Foster,09/09/2016,93.9,0.249,N,Foster20160909
Leone,09/09/2016,66.7,0.162,N,Leone20160909
Montrose,09/09/2016,155.7,0.386,N,Montrose20160909
OakStreet,09/09/2016,24.5,0.03,N,OakStreet20160909
Ohio,09/09/2016,12.4,0.013,N,Ohio20160909
Osterman,09/09/2016,169.8,0.401,N,Osterman20160909
Rainbow,09/09/2016,150.1,0.374,N,Rainbow20160909
63rdStreet,09/10/2016,109,0.311,N,63rdStreet20160910
Calumet,09/10/2016,57.7,0.184,N,Calumet20160910
Foster,09/10/2016,85,0.226,N,Foster20160910
Leone,09/10/2016,42,0.089,N,Leone20160910
Montrose,09/10/2016,148.3,0.372,N,Montrose20160910
OakStreet,09/10/2016,22,0.024,N,OakStreet20160910
Ohio,09/10/2016,14,0.017,N,Ohio20160910
Osterman,09/10/2016,88.3,0.225,N,Osterman20160910
Rainbow,09/10/2016,170.7,0.409,N,Rainbow20160910
63rdStreet,09/11/2016,86.5,0.261,N,63rdStreet20160911
Calumet,09/11/2016,166.8,0.413,N,Calumet20160911
Foster,09/11/2016,103.9,0.273,N,Foster20160911
Leone,09/11/2016,51.6,0.118,N,Leone20160911
Montrose,09/11/2016,265.4,0.534,Y,Montrose20160911
OakStreet,09/11/2016,22.4,0.025,N,OakStreet20160911
Ohio,09/11/2016,15.3,0.02,N,Ohio20160911
Osterman,09/11/2016,70.8,0.177,N,Osterman20160911
Rainbow,09/11/2016,157.8,0.387,N,Rainbow20160911
63rdStreet,09/12/2016,90.8,0.271,N,63rdStreet20160912
Calumet,09/12/2016,52.7,0.168,N,Calumet20160912
Foster,09/12/2016,78.3,0.209,N,Foster20160912
Leone,09/12/2016,36.2,0.072,N,Leone20160912
Montrose,09/12/2016,101,0.275,N,Montrose20160912
OakStreet,09/12/2016,20.7,0.021,N,OakStreet20160912
Ohio,09/12/2016,11.4,0.011,N,Ohio20160912
Osterman,09/12/2016,53.7,0.128,N,Osterman20160912
Rainbow,09/12/2016,97.1,0.263,N,Rainbow20160912
63rdStreet,09/13/2016,75.6,0.234,N,63rdStreet20160913
Calumet,09/13/2016,33,0.104,N,Calumet20160913
Foster,09/13/2016,65,0.171,N,Foster20160913
Leone,09/13/2016,30.2,0.054,N,Leone20160913
Montrose,09/13/2016,99.1,0.271,N,Montrose20160913
OakStreet,09/13/2016,19.9,0.02,N,OakStreet20160913
Ohio,09/13/2016,9.6,0.008,N,Ohio20160913
Osterman,09/13/2016,55.1,0.132,N,Osterman20160913
Rainbow,09/13/2016,107.6,0.287,N,Rainbow20160913
63rdStreet,09/14/2016,125.8,0.344,N,63rdStreet20160914
Calumet,09/14/2016,254.9,0.521,Y,Calumet20160914
Foster,09/14/2016,164.3,0.396,N,Foster20160914
Leone,09/14/2016,174.7,0.408,N,Leone20160914
Montrose,09/14/2016,157,0.388,N,Montrose20160914
OakStreet,09/14/2016,30.5,0.044,N,OakStreet20160914
Ohio,09/14/2016,11.9,0.012,N,Ohio20160914
Osterman,09/14/2016,277.1,0.551,Y,Osterman20160914
Rainbow,09/14/2016,295.7,0.566,Y,Rainbow20160914
63rdStreet,09/15/2016,86.6,0.261,N,63rdStreet20160915
Calumet,09/15/2016,113.1,0.319,N,Calumet20160915
Foster,09/15/2016,100.4,0.265,N,Foster20160915
Leone,09/15/2016,70.6,0.173,N,Leone20160915
Montrose,09/15/2016,88.4,0.245,N,Montrose20160915
OakStreet,09/15/2016,24.5,0.03,N,OakStreet20160915
Ohio,09/15/2016,11.3,0.011,N,Ohio20160915
Osterman,09/15/2016,135.7,0.336,N,Osterman20160915
Rainbow,09/15/2016,154.5,0.382,N,Rainbow20160915
63rdStreet,09/16/2016,89.3,0.268,N,63rdStreet20160916
Calumet,09/16/2016,149.5,0.386,N,Calumet20160916
Foster,09/16/2016,108.6,0.285,N,Foster20160916
Leone,09/16/2016,74.8,0.185,N,Leone20160916
Montrose,09/16/2016,88,0.244,N,Montrose20160916
OakStreet,09/16/2016,24.5,0.03,N,OakStreet20160916
Ohio,09/16/2016,9.1,0.007,N,Ohio20160916
Osterman,09/16/2016,131.1,0.326,N,Osterman20160916
Rainbow,09/16/2016,114.8,0.303,N,Rainbow20160916
63rdStreet,09/17/2016,98.6,0.289,N,63rdStreet20160917
Calumet,09/17/2016,41.3,0.132,N,Calumet20160917
Foster,09/17/2016,99.8,0.264,N,Foster20160917
Leone,09/17/2016,47.2,0.104,N,Leone20160917
Montrose,09/17/2016,127.7,0.333,N,Montrose20160917
OakStreet,09/17/2016,23.5,0.027,N,OakStreet20160917
Ohio,09/17/2016,13.3,0.015,N,Ohio20160917
Osterman,09/17/2016,118.9,0.3,N,Osterman20160917
Rainbow,09/17/2016,108.1,0.289,N,Rainbow20160917
63rdStreet,09/18/2016,94.2,0.279,N,63rdStreet20160918
Calumet,09/18/2016,70.8,0.22,N,Calumet20160918
Foster,09/18/2016,118.2,0.306,N,Foster20160918
Leone,09/18/2016,80.3,0.2,N,Leone20160918
Montrose,09/18/2016,93.1,0.257,N,Montrose20160918
OakStreet,09/18/2016,24.5,0.03,N,OakStreet20160918
Ohio,09/18/2016,10.2,0.009,N,Ohio20160918
Osterman,09/18/2016,136,0.337,N,Osterman20160918
Rainbow,09/18/2016,164.3,0.399,N,Rainbow20160918
63rdStreet,09/19/2016,83.6,0.254,N,63rdStreet20160919
Calumet,09/19/2016,38,0.121,N,Calumet20160919
Foster,09/19/2016,78.7,0.21,N,Foster20160919
Leone,09/19/2016,36,0.071,N,Leone20160919
Montrose,09/19/2016,91.1,0.252,N,Montrose20160919
OakStreet,09/19/2016,20.6,0.021,N,OakStreet20160919
Ohio,09/19/2016,9.1,0.007,N,Ohio20160919
Osterman,09/19/2016,58.2,0.141,N,Osterman20160919
Rainbow,09/19/2016,110.6,0.294,N,Rainbow20160919
63rdStreet,09/20/2016,109.3,0.312,N,63rdStreet20160920
Calumet,09/20/2016,155.7,0.396,N,Calumet20160920
Foster,09/20/2016,110.4,0.289,N,Foster20160920
Leone,09/20/2016,75.8,0.188,N,Leone20160920
Montrose,09/20/2016,95.5,0.262,N,Montrose20160920
OakStreet,09/20/2016,24.5,0.03,N,OakStreet20160920
Ohio,09/20/2016,12.3,0.013,N,Ohio20160920
Osterman,09/20/2016,199.5,0.45,N,Osterman20160920
Rainbow,09/20/2016,289.6,0.56,Y,Rainbow20160920
63rdStreet,09/21/2016,101.2,0.295,N,63rdStreet20160921
Calumet,09/21/2016,19.4,0.055,N,Calumet20160921
Foster,09/21/2016,79.6,0.212,N,Foster20160921
Leone,09/21/2016,35.9,0.071,N,Leone20160921
Montrose,09/21/2016,124.1,0.326,N,Montrose20160921
OakStreet,09/21/2016,21,0.022,N,OakStreet20160921
Ohio,09/21/2016,9.5,0.008,N,Ohio20160921
Osterman,09/21/2016,94.3,0.241,N,Osterman20160921
Rainbow,09/21/2016,116.1,0.306,N,Rainbow20160921
63rdStreet,09/22/2016,80.8,0.247,N,63rdStreet20160922
Calumet,09/22/2016,38.1,0.121,N,Calumet20160922
Foster,09/22/2016,160.9,0.39,N,Foster20160922
Leone,09/22/2016,106.2,0.267,N,Leone20160922
Montrose,09/22/2016,198.6,0.453,N,Montrose20160922
OakStreet,09/22/2016,31.1,0.046,N,OakStreet20160922
Ohio,09/22/2016,10.6,0.01,N,Ohio20160922
Osterman,09/22/2016,251.6,0.521,Y,Osterman20160922
Rainbow,09/22/2016,106.2,0.284,N,Rainbow20160922
