RANKING;POBLACION (2020);DENSIDAD (por milla cuadrada)
001;8988326;5862
002;3983540;3092,3
003;2746388;11841,8
004;2472370;3501,5
005;1681687;2797,8
006;1617461;2879,8
007;1613184;11379,5
008;1509425;4020,4
009;1416904;3517,6
010;1118577;5358,6
011;1089004;2653,2
012;935521;2457,1
013;930143;2181,2
014;928635;17179,2
015;912284;3624,1
016;903072;1100,1
017;893155;2270
018;772575;3922,6
019;769019;7250,9
020;754909;9856,5
021;726493;2543,2
022;717666;12792,7
023;709931;1265,4
024;686882;956,4
025;676821;4375,3
026;664438;2053,3
027;660427;4298,2
028;636811;1836,6
029;632776;5144,3
030;625309;7671,5
031;607074;6184,7
032;573785;2907,6
033;547353;4418,4
034;539287;2294,2
035;514682;4764,2
036;508958;3217,5
037;499862;2826,3
038;498044;3154,3
039;492251;2140,6
040;491918;1459,9
041;491079;9191,2
042;483928;3217,9
043;481084;11135,9
044;471230;1758,9
045;450613;7004
046;447118;7088,3
047;411616;3811,3
048;411611;1991,9
049;397632;2400,4
050;379000;5107,2
051;347483;2444,2
052;343829;2029,4
053;337256;5572,6
054;336265;6747,5
055;335709;2960,2
056;325078;2100,9
057;324528;11900,8
058;319294;5157,5
059;305704;5521,4
060;305215;1900,3
061;303871;3745
062;296943;3809,8
063;295803;1042,8
064;291826;171,2
065;291707;4730,2
066;287208;3559,3
067;285068;5484,3
068;277140;11458,3
069;269666;2131,5
070;261310;6470,6
071;259841;3630
072;258379;2899,4
073;257729;2392,3
074;253691;2293,4
075;247597;16736,6
076;244769;3964,4
077;243916;4914,6
078;242803;4486,3
079;238300;2327,3
080;236123;3665,8
081;236091;2655,4
082;233209;3037
083;229617;1733,6
084;229573;1875,4
085;229493;2982,5
086;228330;2126,6
087;226876;3974,4
088;226721;3780,2
089;225221;2186,4
090;224669;10474,2
091;223167;4777
092;222209;652
093;217385;1182
094;216961;2140,8
095;216290;3227,4
096;214089;2763,9
097;212375;3212,6
098;212237;1453
099;210565;5884,9
100;209924;3546
101;208916;3526,2
102;208453;3067,2
103;207627;7993,5
104;205764;1289,5
105;205671;2591,5
106;204214;3414,7
107;203433;2515,6
108;201165;5456,5
109;200654;1375,2
110;199311;1891,4
111;199110;3209,8
112;198397;3990,2
113;197899;4404
114;197899;7358,4
115;196069;4620,8
116;195976;10880,3
117;195844;647,5
118;195111;1402,6
119;193524;1623,5
120;193365;3771,2
121;191719;6295,5
122;190695;1917
123;189992;7102,9
124;189885;877,5
126;188040;4235,6
127;186440;1678
128;181376;1809,3
129;181045;4844,5
130;180719;2630
131;180105;861,5
132;178874;1815,6
134;178042;9676,1
135;176320;3344,7
136;175396;2432,5
137;175023;1322,6
138;173514;1562,5
139;173372;2316,5
140;170883;9524,6
141;167815;4063,9
142;167674;1222,5
143;167086;4052,1
144;165521;4761,1
145;165269;4147,2
146;164603;1444,5
147;163924;3282,4
148;161791;3482,6
149;161719;4050,1
150;159498;1951,8
151;156633;1661,3
152;156185;3572,2
153;154750;4671,1
154;154637;3228,6
155;154305;1460,2
156;154065;883,4
157;153888;2109,1
158;153060;4803,4
159;153015;3626,8
160;152871;2502,7
161;152750;1441,6
162;152374;3924,6
163;150441;6490,5
164;149058;6494,5
165;149043;3485,4
166;147433;2373,6
167;146199;17346,3
168;145786;1168,1
169;145438;7102,2
170;145170;5796,7
171;144229;9029
172;144186;3181,3
173;143986;2652,8
174;143911;3909,3
175;142980;3334,4
176;141853;3658,9
177;141527;2543,1
178;140768;5143,8
179;140081;6370,9
180;139966;9314,3
181;139824;3038,3
182;138481;6237,9
183;137436;2673,2
184;137122;5969,6
185;136416;5501,3
186;136286;1321,2
187;135234;2488,4
188;135161;6046,7
189;134056;3899,2
190;132929;1361,9
191;131117;2107,7
192;129877;2686,5
193;129779;6948
194;129699;3552,9
195;129480;3641,5
196;129272;977,8
197;127921;2387,5
198;127473;2118,6
199;126683;2302
201;126326;1784,3
202;125872;2109,8
203;124969;10144,1
204;124805;1402,9
205;124775;7178,9
206;124442;3433,3
207;124354;2028,5
208;124237;2995,1
209;122643;3258,4
210;122363;3827,7
211;122067;3996,2
212;122041;4134,1
213;121096;5089,8
214;120623;2450,1
215;120083;1101,9
216;119097;3281,3
217;118788;3279,5
218;118772;3408,8
219;118296;1428,7
220;118032;6727,1
221;117517;1111,3
222;117429;2659,6
223;117063;1096,2
224;116989;1892,9
225;116830;1506,2
226;116468;6327,3
227;116250;1954,5
228;115942;3780,1
229;115903;1583,9
230;115452;992,2
231;115007;2395,6
232;113934;4094
233;113475;11866,9
234;113383;1289,2
235;112580;10752,4
236;112488;2699,3
237;573785;9008
238;111147;1542,2
239;110925;620,5
240;110366;3869,9
241;109960;7024,6
242;109673;12094,7
243;109565;3310,1
244;109563;3303,2
245;108755;1965
246;108500;1720,1
248;108188;2911,1
249;107685;4212,8
250;107167;5878,4
251;106769;1956
252;106595;1987,2
253;106519;7842,1
254;106476;2067,8
255;106433;3028,6
256;106433;4915
257;106114;3363,3
258;106098;6614,3
259;105594;4551,3
260;105549;2162
261;105549;10873,5
262;105328;2792,2
263;105321;2816,8
264;105162;16469,1
265;104553;1449,3
266;104371;1939,9
267;104170;2399,5
268;104057;2288,6
269;103712;3195,4
270;103701;3448,9
272;103466;3081,4
273;103340;5959,3
274;103190;1570,6
275;103019;3080
276;102434;3065,4
277;102372;3611,2
278;101786;5334,5
279;101168;2440,3
280;101123;13195
281;100377;3494,8
282;100097;3319,8
